Id,text,answer,title
null,,hi world,hi
null,!@#$%^&*()+=,hi world,hi
null,1234567,hi world,hi
null,            ,hi world,hi
null,цукенгшщздлор,hi world,hi
null,asdfghjkliqwertyuioplkjhgfdsazxcvbnmlkjhgfdsaqwertyrtyuioplkjhgfdsartlkjahlaiufhaoifffffffffffffffffffffffffffffffffffffffffffffffffffffffffffffffffffffffffffffffffffffffffffffffffeeeeeeeeeeeeeeeeeeeeeeeeeeeeeeeeeeeeeeeeeaaaaaaaaaaaaaaaaaaaaaaaaaaaaaaa,hi world,hi
null,"""text""",hi world,hi
null,hi world?,!@#$%^&*()+=,hi
null,hi world?,1234567,hi
null,hi world?,            ,hi
null,hi world?,цукенгшщздлор,hi
null,hi world?,asdfghjkliqwertyuioplkjhgfdsazxcvbnmlkjhgfdsaqwertyrtyuioplkjhgfdsartlkjahlaiufhaoifffffffffffffffffffffffffffffffffffffffffffffffffffffffffffffffffffffffffffffffffffffffffffffffffeeeeeeeeeeeeeeeeeeeeeeeeeeeeeeeeeeeeeeeeeaaaaaaaaaaaaaaaaaaaaaaaaaaaaaaa,hi
null,hi world?,"""text""",hi
null,hi world?,,hi
null,hi world?,hi world,!@#$%^&*()+=
null,hi world?,hi world,1234567
null,hi world?,hi world,            
null,hi world?,hi world,цукенгшщздлор
null,hi world?,hi world,asdfghjkliqwertyuioplkjhgfdsazxcvbnmlkjhgfdsaqwertyrtyuioplkjhgfdsartlkjahlaiufhaoifffffffffffffffffffffffffffffffffffffffffffffffffffffffffffffffffffffffffffffffffffffffffffffffffeeeeeeeeeeeeeeeeeeeeeeeeeeeeeeeeeeeeeeeeeaaaaaaaaaaaaaaaaaaaaaaaaaaaaaaa
null,hi world?,hi world,"""text"""
null,hi world?,hi world,